Country,State,County,Town,City,Seat
US,MA,Barnstable,Barnstable,C,S 
US,MA,Barnstable,Bourne ,,
US,MA,Barnstable,Brewster ,,
US,MA,Barnstable,Chatham ,,
US,MA,Barnstable,Dennis ,,
US,MA,Barnstable,Eastham ,,
US,MA,Barnstable,Falmouth ,,
US,MA,Barnstable,Harwich ,,
US,MA,Barnstable,Mashpee ,,
US,MA,Barnstable,Orleans ,,
US,MA,Barnstable,Provincetown ,,
US,MA,Barnstable,Sandwich ,,
US,MA,Barnstable,Truro ,,
US,MA,Barnstable,Wellfleet ,,
US,MA,Barnstable,Yarmouth ,,
US,MA,Berkshire,Adams ,,
US,MA,Berkshire,Alford ,,
US,MA,Berkshire,Becket ,,
US,MA,Berkshire,Cheshire ,,
US,MA,Berkshire,Clarksburg ,,
US,MA,Berkshire,Dalton ,,
US,MA,Berkshire,Egremont ,,
US,MA,Berkshire,Florida ,,
US,MA,Berkshire,Great Barrington ,,
US,MA,Berkshire,Hancock ,,
US,MA,Berkshire,Hinsdale ,,
US,MA,Berkshire,Lanesborough ,,
US,MA,Berkshire,Lee ,,
US,MA,Berkshire,Lenox ,,
US,MA,Berkshire,Monterey ,,
US,MA,Berkshire,Mount Washington ,,
US,MA,Berkshire,New Ashford ,,
US,MA,Berkshire,New Marlborough ,,
US,MA,Berkshire,North Adams,C,
US,MA,Berkshire,Otis ,,
US,MA,Berkshire,Peru ,,
US,MA,Berkshire,Pittsfield,C,S 
US,MA,Berkshire,Richmond ,,
US,MA,Berkshire,Sandisfield ,,
US,MA,Berkshire,Savoy ,,
US,MA,Berkshire,Sheffield ,,
US,MA,Berkshire,Stockbridge ,,
US,MA,Berkshire,Tyringham ,,
US,MA,Berkshire,Washington ,,
US,MA,Berkshire,West Stockbridge ,,
US,MA,Berkshire,Williamstown ,,
US,MA,Berkshire,Windsor ,,
US,MA,Bristol,Acushnet ,,
US,MA,Bristol,Attleboro,C,
US,MA,Bristol,Berkley ,,
US,MA,Bristol,Dartmouth ,,
US,MA,Bristol,Dighton ,,
US,MA,Bristol,Easton ,,
US,MA,Bristol,Fairhaven ,,
US,MA,Bristol,Fall River,C,S
US,MA,Bristol,Freetown ,,
US,MA,Bristol,Mansfield ,,
US,MA,Bristol,New Bedford,C,S
US,MA,Bristol,North Attleborough ,,
US,MA,Bristol,Norton ,,
US,MA,Bristol,Raynham ,,
US,MA,Bristol,Rehoboth ,,
US,MA,Bristol,Seekonk ,,
US,MA,Bristol,Somerset ,,
US,MA,Bristol,Swansea ,,
US,MA,Bristol,Taunton,C,S
US,MA,Bristol,Westport ,,
US,MA,Dukes,Aquinnah ,,
US,MA,Dukes,Chilmark ,,
US,MA,Dukes,Edgartown,,S
US,MA,Dukes,Gosnold ,,
US,MA,Dukes,Oak Bluffs ,,
US,MA,Dukes,Tisbury ,,
US,MA,Dukes,West Tisbury ,,
US,MA,Essex,Amesbury,C,
US,MA,Essex,Andover ,,
US,MA,Essex,Beverly,C,
US,MA,Essex,Boxford ,,
US,MA,Essex,Danvers ,,
US,MA,Essex,Essex ,,
US,MA,Essex,Georgetown ,,
US,MA,Essex,Gloucester,C ,
US,MA,Essex,Groveland ,,
US,MA,Essex,Hamilton ,,
US,MA,Essex,Haverhill,C,
US,MA,Essex,Ipswich ,,
US,MA,Essex,Lawrence,C,S
US,MA,Essex,Lynn ,,
US,MA,Essex,Lynnfield ,,
US,MA,Essex,Manchester By The Sea ,,
US,MA,Essex,Marblehead ,,
US,MA,Essex,Merrimac ,,
US,MA,Essex,Methuen,C,
US,MA,Essex,Middleton ,,
US,MA,Essex,Nahant ,,
US,MA,Essex,Newbury ,,
US,MA,Essex,Newburyport,C,S
US,MA,Essex,North Andover ,,
US,MA,Essex,Peabody,C,
US,MA,Essex,Rockport ,,
US,MA,Essex,Rowley ,,
US,MA,Essex,Salem,C,S
US,MA,Essex,Salisbury ,,
US,MA,Essex,Saugus ,,
US,MA,Essex,Swampscott ,,
US,MA,Essex,Topsfield ,,
US,MA,Essex,Wenham ,,
US,MA,Essex,West Newbury ,,
US,MA,Franklin,Ashfield ,,
US,MA,Franklin,Bernardston ,,
US,MA,Franklin,Buckland ,,
US,MA,Franklin,Charlemont ,,
US,MA,Franklin,Colrain ,,
US,MA,Franklin,Conway ,,
US,MA,Franklin,Deerfield ,,
US,MA,Franklin,Erving ,,
US,MA,Franklin,Gill ,,
US,MA,Franklin,Greenfield,C,S
US,MA,Franklin,Hawley ,,
US,MA,Franklin,Heath ,,
US,MA,Franklin,Leverett ,,
US,MA,Franklin,Leyden ,,
US,MA,Franklin,Monroe ,,
US,MA,Franklin,Montague ,,
US,MA,Franklin,New Salem ,,
US,MA,Franklin,Northfield ,,
US,MA,Franklin,Orange ,,
US,MA,Franklin,Rowe ,,
US,MA,Franklin,Shelburne ,,
US,MA,Franklin,Shutesbury,,
US,MA,Franklin,Sunderland ,,
US,MA,Franklin,Warwick ,,
US,MA,Franklin,Wendell ,,
US,MA,Franklin,Whately ,,
US,MA,Hampden,Agawam,C,
US,MA,Hampden,Blandford ,,
US,MA,Hampden,Brimfield ,,
US,MA,Hampden,Chester ,,
US,MA,Hampden,Chicopee,C,
US,MA,Hampden,East Longmeadow ,,
US,MA,Hampden,Granville ,,
US,MA,Hampden,Hampden ,,
US,MA,Hampden,Holland ,,
US,MA,Hampden,Holyoke,C ,
US,MA,Hampden,Longmeadow ,,
US,MA,Hampden,Ludlow ,,
US,MA,Hampden,Monson ,,
US,MA,Hampden,Montgomery ,,
US,MA,Hampden,Palmer,C,
US,MA,Hampden,Russell ,,
US,MA,Hampden,Southwick ,,
US,MA,Hampden,Springfield,C,S
US,MA,Hampden,Tolland ,,
US,MA,Hampden,Wales ,,
US,MA,Hampden,West Springfield,C,
US,MA,Hampden,Westfield,C,
US,MA,Hampden,Wilbraham ,,
US,MA,Hampshire,Amherst,C,
US,MA,Hampshire,Belchertown ,,
US,MA,Hampshire,Chesterfield ,,
US,MA,Hampshire,Cummington ,,
US,MA,Hampshire,Easthampton,C,
US,MA,Hampshire,Goshen ,,
US,MA,Hampshire,Granby ,,
US,MA,Hampshire,Hadley ,,
US,MA,Hampshire,Hatfield ,,
US,MA,Hampshire,Huntington ,,
US,MA,Hampshire,Middlefield ,,
US,MA,Hampshire,Northampton,C,S
US,MA,Hampshire,Pelham ,,
US,MA,Hampshire,Plainfield ,,
US,MA,Hampshire,South Hadley ,,
US,MA,Hampshire,Southampton ,,
US,MA,Hampshire,Ware ,,
US,MA,Hampshire,Westhampton ,,
US,MA,Hampshire,Williamsburg ,,
US,MA,Hampshire,Worthington ,,
US,MA,Middlesex,Acton ,,
US,MA,Middlesex,Arlington ,,
US,MA,Middlesex,Ashby ,,
US,MA,Middlesex,Ashland ,,
US,MA,Middlesex,Ayer ,,
US,MA,Middlesex,Bedford ,,
US,MA,Middlesex,Belmont ,,
US,MA,Middlesex,Billerica ,,
US,MA,Middlesex,Boxborough ,,
US,MA,Middlesex,Burlington ,,
US,MA,Middlesex,Cambridge,C,S
US,MA,Middlesex,Carlisle ,,
US,MA,Middlesex,Chelmsford ,,
US,MA,Middlesex,Concord ,,
US,MA,Middlesex,Dracut ,,
US,MA,Middlesex,Dunstable ,,
US,MA,Middlesex,Everett,C,
US,MA,Middlesex,Framingham,C,
US,MA,Middlesex,Groton ,,
US,MA,Middlesex,Holliston ,,
US,MA,Middlesex,Hopkinton ,,
US,MA,Middlesex,Hudson ,,
US,MA,Middlesex,Lexington ,,
US,MA,Middlesex,Lincoln ,,
US,MA,Middlesex,Littleton ,,
US,MA,Middlesex,Lowell,C,S 
US,MA,Middlesex,Malden,C,
US,MA,Middlesex,Marlborough,C,
US,MA,Middlesex,Maynard ,,
US,MA,Middlesex,Medford,C,
US,MA,Middlesex,Melrose,C,
US,MA,Middlesex,Natick ,,
US,MA,Middlesex,Newton,C,
US,MA,Middlesex,North Reading ,,
US,MA,Middlesex,Pepperell ,,
US,MA,Middlesex,Reading ,,
US,MA,Middlesex,Sherborn ,,
US,MA,Middlesex,Shirley ,,
US,MA,Middlesex,Somerville,C ,
US,MA,Middlesex,Stoneham ,,
US,MA,Middlesex,Stow ,,
US,MA,Middlesex,Sudbury ,,
US,MA,Middlesex,Tewksbury ,,
US,MA,Middlesex,Townsend ,,
US,MA,Middlesex,Tyngsborough ,,
US,MA,Middlesex,Wakefield ,,
US,MA,Middlesex,Waltham,C,
US,MA,Middlesex,Watertown,C,
US,MA,Middlesex,Wayland ,,
US,MA,Middlesex,Westford ,,
US,MA,Middlesex,Weston ,,
US,MA,Middlesex,Wilmington ,,
US,MA,Middlesex,Winchester ,,
US,MA,Middlesex,Woburn,C,
US,MA,Nantucket,Nantucket,,S
US,MA,Norfolk,Avon ,,
US,MA,Norfolk,Bellingham ,,
US,MA,Norfolk,Braintree,C,
US,MA,Norfolk,Brookline ,,
US,MA,Norfolk,Canton ,,
US,MA,Norfolk,Cohasset ,,
US,MA,Norfolk,Dedham,,S 
US,MA,Norfolk,Dover ,,
US,MA,Norfolk,Foxborough ,,
US,MA,Norfolk,Franklin,C,
US,MA,Norfolk,Holbrook ,,
US,MA,Norfolk,Medfield ,,
US,MA,Norfolk,Medway ,,
US,MA,Norfolk,Millis ,,
US,MA,Norfolk,Milton ,,
US,MA,Norfolk,Needham ,,
US,MA,Norfolk,Norfolk ,,
US,MA,Norfolk,Norwood ,,
US,MA,Norfolk,Plainville ,,
US,MA,Norfolk,Quincy,C,
US,MA,Norfolk,Randolph,C,
US,MA,Norfolk,Sharon ,,
US,MA,Norfolk,Stoughton ,,
US,MA,Norfolk,Walpole ,,
US,MA,Norfolk,Wellesley ,,
US,MA,Norfolk,Westwood ,,
US,MA,Norfolk,Weymouth,C,
US,MA,Norfolk,Wrentham ,,
US,MA,Plymouth,Abington ,,
US,MA,Plymouth,Bridgewater,C,
US,MA,Plymouth,Brockton,C,S
US,MA,Plymouth,Carver ,,
US,MA,Plymouth,Duxbury ,,
US,MA,Plymouth,East Bridgewater ,,
US,MA,Plymouth,Halifax ,,
US,MA,Plymouth,Hanover ,,
US,MA,Plymouth,Hanson ,,
US,MA,Plymouth,Hingham ,,
US,MA,Plymouth,Hull ,,
US,MA,Plymouth,Kingston ,,
US,MA,Plymouth,Lakeville ,,
US,MA,Plymouth,Marion ,,
US,MA,Plymouth,Marshfield ,,
US,MA,Plymouth,Mattapoisett ,,
US,MA,Plymouth,Middleborough ,,
US,MA,Plymouth,Norwell ,,
US,MA,Plymouth,Pembroke ,,
US,MA,Plymouth,Plymouth,,S 
US,MA,Plymouth,Plympton ,,
US,MA,Plymouth,Rochester ,,
US,MA,Plymouth,Rockland ,,
US,MA,Plymouth,Scituate ,,
US,MA,Plymouth,Wareham ,,
US,MA,Plymouth,West Bridgewater ,,
US,MA,Plymouth,Whitman ,,
US,MA,Suffolk,Boston,C,S
US,MA,Suffolk,Chelsea,C,
US,MA,Suffolk,Revere,C,
US,MA,Suffolk,Winthrop,C,
US,MA,Worcester,Ashburnham ,,
US,MA,Worcester,Athol ,,
US,MA,Worcester,Auburn ,,
US,MA,Worcester,Barre ,,
US,MA,Worcester,Berlin ,,
US,MA,Worcester,Blackstone ,,
US,MA,Worcester,Bolton ,,
US,MA,Worcester,Boylston ,,
US,MA,Worcester,Brookfield ,,
US,MA,Worcester,Charlton ,,
US,MA,Worcester,Clinton ,,
US,MA,Worcester,Douglas ,,
US,MA,Worcester,Dudley ,,
US,MA,Worcester,East Brookfield ,,
US,MA,Worcester,Fitchburg,C,S
US,MA,Worcester,Gardner,C,
US,MA,Worcester,Grafton ,,
US,MA,Worcester,Hardwick ,,
US,MA,Worcester,Harvard ,,
US,MA,Worcester,Holden ,,
US,MA,Worcester,Hopedale ,,
US,MA,Worcester,Hubbardston ,,
US,MA,Worcester,Lancaster ,,
US,MA,Worcester,Leicester ,,
US,MA,Worcester,Leominster,C ,
US,MA,Worcester,Lunenburg ,,
US,MA,Worcester,Mendon ,,
US,MA,Worcester,Milford ,,
US,MA,Worcester,Millbury ,,
US,MA,Worcester,Millville ,,
US,MA,Worcester,New Braintree ,,
US,MA,Worcester,North Brookfield ,,
US,MA,Worcester,Northborough ,,
US,MA,Worcester,Northbridge ,,
US,MA,Worcester,Oakham ,,
US,MA,Worcester,Oxford ,,
US,MA,Worcester,Paxton ,,
US,MA,Worcester,Petersham ,,
US,MA,Worcester,Phillipston ,,
US,MA,Worcester,Princeton ,,
US,MA,Worcester,Royalston ,,
US,MA,Worcester,Rutland ,,
US,MA,Worcester,Shrewsbury ,,
US,MA,Worcester,Southborough ,,
US,MA,Worcester,Southbridge,C,
US,MA,Worcester,Spencer ,,
US,MA,Worcester,Sterling ,,
US,MA,Worcester,Sturbridge ,,
US,MA,Worcester,Sutton ,,
US,MA,Worcester,Templeton ,,
US,MA,Worcester,Upton ,,
US,MA,Worcester,Uxbridge ,,
US,MA,Worcester,Warren ,,
US,MA,Worcester,Webster ,,
US,MA,Worcester,West Boylston ,,
US,MA,Worcester,West Brookfield ,,
US,MA,Worcester,Westborough ,,
US,MA,Worcester,Westminster ,,
US,MA,Worcester,Winchendon ,,
US,MA,Worcester,Worcester,C,S 
